{
   "country": "China",
   "iso3c": "CHN",
   "biophysical": {
      "min": 0.25,
      "max": 3.13,
      "range": {
         "CO2footCum": [
            0.25,
            0.89
         ],
         "PfootPerCap": [
            1.66,
            3.13
         ],
         "NfootPerCap": [
            1.74,
            2.71
         ],
         "H2OfootPerCap": [
            1.00001,
            1.00001
         ],
         "ehanppPerCap": [
            0.27,
            0.42
         ],
         "EFfootPerCap": [
            0.8,
            2.24
         ],
         "MFfootPerCap": [
            0.65,
            2.87
         ]
      },
      "series": {
         "CO2footCum": [
            0.25,
            0.27,
            0.28,
            0.29,
            0.31,
            0.33,
            0.34,
            0.36,
            0.37,
            0.39,
            0.41,
            0.43,
            0.45,
            0.48,
            0.5,
            0.53,
            0.57,
            0.61,
            0.65,
            0.69,
            0.74,
            0.79,
            0.84,
            0.89
         ],
         "PfootPerCap": [
            2.07,
            1.66,
            2.17,
            2.67,
            2.44,
            2.82,
            2.89,
            2.75,
            2.65,
            2.78,
            3.13,
            2.35,
            2.41,
            2.45,
            2.53,
            2.6,
            2.64,
            2.81,
            2.86,
            2.86,
            2.9,
            2.93,
            2.97,
            3.0
         ],
         "NfootPerCap": [
            1.85,
            1.74,
            1.83,
            2.18,
            2.31,
            2.19,
            2.18,
            2.3,
            2.18,
            2.25,
            2.5,
            2.24,
            2.3,
            2.33,
            2.36,
            2.45,
            2.51,
            2.64,
            2.71,
            2.64,
            2.59,
            2.62,
            2.65,
            2.68
         ],
         "H2OfootPerCap": [
            1.00001,
            1.00001,
            1.00001,
            1.00001,
            1.00001,
            1.00001,
            1.00001,
            1.00001,
            1.00001,
            1.00001,
            1.00001,
            1.00001,
            1.00001,
            1.00001,
            1.00001,
            1.00001,
            1.00001,
            1.00001,
            1.00001,
            1.00001,
            1.00001,
            1.00001,
            1.00001,
            1.00001
         ],
         "ehanppPerCap": [
            0.27,
            0.28,
            0.29,
            0.31,
            0.31,
            0.32,
            0.32,
            0.32,
            0.31,
            0.32,
            0.32,
            0.33,
            0.35,
            0.35,
            0.35,
            0.35,
            0.36,
            0.38,
            0.4,
            0.41,
            0.41,
            0.42,
            0.42,
            0.42
         ],
         "EFfootPerCap": [
            0.8,
            0.85,
            0.88,
            0.95,
            0.97,
            0.98,
            1.01,
            1.0,
            1.04,
            1.07,
            1.13,
            1.23,
            1.35,
            1.45,
            1.55,
            1.64,
            1.68,
            1.85,
            1.96,
            2.09,
            2.15,
            2.19,
            2.19,
            2.24
         ],
         "MFfootPerCap": [
            0.65,
            0.72,
            0.75,
            0.78,
            0.86,
            0.87,
            0.92,
            0.94,
            0.93,
            1.02,
            1.05,
            1.15,
            1.24,
            1.3,
            1.42,
            1.54,
            1.68,
            1.99,
            2.21,
            2.42,
            2.53,
            2.7,
            2.77,
            2.87
         ]
      }
   },
   "social": {
      "min": 0.03,
      "max": 1.39,
      "range": {
         "LSval": [
            0.46,
            0.71
         ],
         "LEval": [
            0.9,
            1.04
         ],
         "NUval": [
            0.8,
            1.39
         ],
         "SAval": [
            0.51,
            0.8
         ],
         "INval": [
            0.03,
            0.76
         ],
         "ENval": [
            0.99,
            1.05
         ],
         "EDval": [
            0.41,
            0.92
         ],
         "SSval": [
            0.75,
            1.00001
         ],
         "DQval": [
            0.49,
            0.64
         ],
         "EQval": [
            0.59,
            0.88
         ],
         "EMval": [
            1.04,
            1.11
         ]
      },
      "series": {
         "LSval": [
            0.71,
            0.68,
            0.65,
            0.63,
            0.61,
            0.6,
            0.58,
            0.57,
            0.55,
            0.54,
            0.53,
            0.52,
            0.51,
            0.49,
            0.49,
            0.57,
            0.57,
            0.46,
            0.52,
            0.62,
            0.63,
            0.67,
            0.66,
            0.69
         ],
         "LEval": [
            0.9,
            0.91,
            0.91,
            0.91,
            0.92,
            0.93,
            0.93,
            0.94,
            0.95,
            0.95,
            0.96,
            0.97,
            0.97,
            0.98,
            0.98,
            0.99,
            1.0,
            1.0,
            1.01,
            1.01,
            1.02,
            1.03,
            1.03,
            1.04
         ],
         "NUval": [
            0.8,
            0.86,
            0.92,
            0.99,
            1.0,
            1.02,
            1.06,
            1.05,
            1.09,
            1.1,
            1.11,
            1.11,
            1.13,
            1.15,
            1.15,
            1.18,
            1.23,
            1.25,
            1.29,
            1.32,
            1.34,
            1.34,
            1.36,
            1.39
         ],
         "SAval": [
            0.51,
            0.52,
            0.53,
            0.55,
            0.56,
            0.57,
            0.58,
            0.6,
            0.61,
            0.62,
            0.63,
            0.65,
            0.66,
            0.67,
            0.69,
            0.7,
            0.71,
            0.72,
            0.74,
            0.75,
            0.76,
            0.77,
            0.79,
            0.8
         ],
         "INval": [
            0.03,
            0.03,
            0.05,
            0.06,
            0.08,
            0.09,
            0.1,
            0.11,
            0.14,
            0.17,
            0.2,
            0.23,
            0.27,
            0.31,
            0.34,
            0.38,
            0.41,
            0.45,
            0.49,
            0.53,
            0.58,
            0.67,
            0.72,
            0.76
         ],
         "ENval": [
            0.99,
            0.99,
            1.0,
            1.0,
            1.0,
            1.01,
            1.01,
            1.01,
            1.02,
            1.02,
            1.02,
            1.03,
            1.03,
            1.03,
            1.04,
            1.04,
            1.04,
            1.04,
            1.05,
            1.05,
            1.05,
            1.05,
            1.05,
            1.05
         ],