{
   "country": "Global North",
   "iso3c": "NRT",
   "biophysical": {
      "min": 0.88,
      "max": 6.23,
      "range": {
         "CO2footCum": [
            3.84,
            6.23
         ],
         "PfootPerCap": [
            3.38,
            5.6
         ],
         "NfootPerCap": [
            4.05,
            5.44
         ],
         "H2OfootPerCap": [
            1.00001,
            1.00001
         ],
         "ehanppPerCap": [
            0.88,
            1.1
         ],
         "EFfootPerCap": [
            3.32,
            4.06
         ],
         "MFfootPerCap": [
            2.49,
            4.1
         ]
      },
      "series": {
         "CO2footCum": [
            3.84,
            3.93,
            4.02,
            4.12,
            4.21,
            4.32,
            4.41,
            4.52,
            4.62,
            4.73,
            4.83,
            4.93,
            5.05,
            5.16,
            5.27,
            5.38,
            5.5,
            5.6,
            5.7,
            5.81,
            5.92,
            6.02,
            6.13,
            6.23
         ],
         "PfootPerCap": [
            4.77,
            4.72,
            4.82,
            4.87,
            5.22,
            5.31,
            5.41,
            5.42,
            5.22,
            5.26,
            5.08,
            5.35,
            5.6,
            5.36,
            5.18,
            5.23,
            3.94,
            3.38,
            3.81,
            3.87,
            3.89,
            3.91,
            3.92,
            3.94
         ],
         "NfootPerCap": [
            4.05,
            4.25,
            4.27,
            4.4,
            4.6,
            4.78,
            5.15,
            5.26,
            5.11,
            5.13,
            5.13,
            5.34,
            5.44,
            5.33,
            5.42,
            5.43,
            5.02,
            4.69,
            4.8,
            4.86,
            4.92,
            4.98,
            5.04,
            5.1
         ],
         "H2OfootPerCap": [
            1.00001,
            1.00001,
            1.00001,
            1.00001,
            1.00001,
            1.00001,
            1.00001,
            1.00001,
            1.00001,
            1.00001,
            1.00001,
            1.00001,
            1.00001,
            1.00001,
            1.00001,
            1.00001,
            1.00001,
            1.00001,
            1.00001,
            1.00001,
            1.00001,
            1.00001,
            1.00001,
            1.00001
         ],
         "ehanppPerCap": [
            0.9,
            0.88,
            0.91,
            0.88,
            0.88,
            0.89,
            0.91,
            0.92,
            0.94,
            0.94,
            0.95,
            1.0,
            0.97,
            1.04,
            1.0,
            1.05,
            1.07,
            1.06,
            1.05,
            1.07,
            1.07,
            1.09,
            1.09,
            1.1
         ],
         "EFfootPerCap": [
            3.35,
            3.32,
            3.46,
            3.5,
            3.57,
            3.63,
            3.65,
            3.67,
            3.8,
            3.78,
            3.79,
            3.87,
            3.97,
            4.05,
            4.04,
            4.06,
            3.9,
            3.65,
            3.8,
            3.75,
            3.67,
            3.66,
            3.62,
            3.71
         ],
         "MFfootPerCap": [
            2.55,
            2.49,
            2.68,
            2.82,
            2.87,
            2.99,
            3.15,
            3.26,
            3.41,
            3.4,
            3.45,
            3.57,
            3.8,
            3.96,
            4.07,
            4.1,
            3.98,
            3.62,
            3.75,
            3.83,
            3.91,
            3.94,
            4.01,
            4.08
         ]
      }
   },
   "social": {
      "min": 0.9,
      "max": 1.64,
      "range": {
         "LSval": [
            1.02,
            1.11
         ],
         "LEval": [
            1.05,
            1.15
         ],
         "NUval": [
            1.52,
            1.64
         ],
         "SAval": [
            1.05,
            1.05
         ],
         "INval": [
            1.03,
            1.04
         ],
         "ENval": [
            1.05,
            1.05
         ],
         "EDval": [
            1.02,
            1.14
         ],
         "SSval": [
            1.0,
            1.07
         ],
         "DQval": [
            1.14,
            1.24
         ],
         "EQval": [
            0.9,
            0.98
         ],
         "EMval": [
            0.92,
            1.02
         ]
      },
      "series": {
         "LSval": [
            1.09,
            1.08,
            1.08,
            1.08,
            1.07,
            1.06,
            1.06,
            1.11,
            1.07,
            1.1,
            1.09,
            1.09,
            1.09,
            1.1,
            1.08,
            1.1,
            1.09,
            1.04,
            1.07,
            1.08,
            1.04,
            1.07,
            1.05,
            1.02
         ],
         "LEval": [
            1.05,
            1.05,
            1.06,
            1.06,
            1.07,
            1.07,
            1.08,
            1.08,
            1.09,
            1.09,
            1.09,
            1.09,
            1.1,
            1.11,
            1.11,
            1.12,
            1.12,
            1.13,
            1.13,
            1.14,
            1.14,
            1.14,
            1.15,
            1.15
         ],
         "NUval": [
            1.54,
            1.52,
            1.54,
            1.52,
            1.55,
            1.57,
            1.58,
            1.6,
            1.62,
            1.61,
            1.64,
            1.62,
            1.63,
            1.64,
            1.62,
            1.62,
            1.6,
            1.58,
            1.59,
            1.59,
            1.6,
            1.6,
            1.6,
            1.6
         ],
         "SAval": [
            1.05,
            1.05,
            1.05,
            1.05,
            1.05,
            1.05,
            1.05,
            1.05,
            1.05,
            1.05,
            1.05,
            1.05,
            1.05,
            1.05,
            1.05,
            1.05,
            1.05,
            1.05,
            1.05,
            1.05,
            1.05,
            1.05,
            1.05,
            1.05
         ],
         "INval": [
            1.03,
            1.03,
            1.03,
            1.03,
            1.03,
            1.03,
            1.03,
            1.03,
            1.03,
            1.03,
            1.03,
            1.03,
            1.03,
            1.03,
            1.03,
            1.03,
            1.04,
            1.03,
            1.03,
            1.03,
            1.03,
            1.03,
            1.03,
            1.03
         ],
         "ENval": [
            1.05,
            1.05,
            1.05,
            1.05,
            1.05,
            1.05,
            1.05,
            1.05,
            1.05,
            1.05,
            1.05,
            1.05,
            1.05,
            1.05,
            1.05,
            1.05,
            1.05,
            1.05,
            1.05,
            1.05,
            1.05,
            1.05,
            1.05,
            1.05
         ],