{
   "country": "Global South",
   "iso3c": "STH",
   "biophysical": {
      "min": 0.42,
      "max": 2.53,
      "range": {
         "CO2footCum": [
            0.42,
            0.85
         ],
         "PfootPerCap": [
            1.53,
            2.53
         ],
         "NfootPerCap": [
            1.58,
            2.27
         ],
         "H2OfootPerCap": [
            1.00001,
            1.00001
         ],
         "ehanppPerCap": [
            0.62,
            0.72
         ],
         "EFfootPerCap": [
            0.85,
            1.35
         ],
         "MFfootPerCap": [
            0.57,
            1.37
         ]
      },
      "series": {
         "CO2footCum": [
            0.42,
            0.43,
            0.45,
            0.46,
            0.47,
            0.48,
            0.49,
            0.5,
            0.51,
            0.53,
            0.54,
            0.56,
            0.57,
            0.59,
            0.61,
            0.63,
            0.65,
            0.68,
            0.7,
            0.73,
            0.76,
            0.79,
            0.82,
            0.85
         ],
         "PfootPerCap": [
            1.75,
            1.53,
            1.54,
            1.62,
            1.63,
            1.81,
            1.83,
            1.83,
            1.79,
            1.83,
            1.9,
            1.86,
            1.94,
            1.93,
            2.02,
            2.13,
            1.96,
            2.1,
            2.37,
            2.36,
            2.4,
            2.45,
            2.49,
            2.53
         ],
         "NfootPerCap": [
            1.63,
            1.58,
            1.58,
            1.68,
            1.74,
            1.73,
            1.74,
            1.77,
            1.74,
            1.78,
            1.84,
            1.79,
            1.84,
            1.87,
            1.93,
            2.01,
            2.03,
            2.13,
            2.17,
            2.18,
            2.19,
            2.22,
            2.25,
            2.27
         ],
         "H2OfootPerCap": [
            1.00001,
            1.00001,
            1.00001,
            1.00001,
            1.00001,
            1.00001,
            1.00001,
            1.00001,
            1.00001,
            1.00001,
            1.00001,
            1.00001,
            1.00001,
            1.00001,
            1.00001,
            1.00001,
            1.00001,
            1.00001,
            1.00001,
            1.00001,
            1.00001,
            1.00001,
            1.00001,
            1.00001
         ],
         "ehanppPerCap": [
            0.63,
            0.63,
            0.63,
            0.64,
            0.63,
            0.64,
            0.63,
            0.62,
            0.63,
            0.63,
            0.64,
            0.64,
            0.65,
            0.66,
            0.67,
            0.67,
            0.69,
            0.69,
            0.71,
            0.72,
            0.72,
            0.72,
            0.72,
            0.71
         ],
         "EFfootPerCap": [
            0.86,
            0.86,
            0.85,
            0.88,
            0.89,
            0.89,
            0.89,
            0.9,
            0.91,
            0.93,
            0.95,
            0.99,
            1.03,
            1.06,
            1.11,
            1.16,
            1.18,
            1.2,
            1.26,
            1.3,
            1.31,
            1.32,
            1.32,
            1.35
         ],
         "MFfootPerCap": [
            0.57,
            0.59,
            0.59,
            0.61,
            0.63,
            0.64,
            0.64,
            0.65,
            0.65,
            0.68,
            0.69,
            0.74,
            0.78,
            0.83,
            0.88,
            0.95,
            1.0,
            1.07,
            1.15,
            1.24,
            1.25,
            1.31,
            1.33,
            1.37
         ]
      }
   },
   "social": {
      "min": 0.18,
      "max": 1.09,
      "range": {
         "LSval": [
            0.5,
            0.71
         ],
         "LEval": [
            0.78,
            0.93
         ],
         "NUval": [
            0.8,
            1.09
         ],
         "SAval": [
            0.46,
            0.64
         ],
         "INval": [
            0.18,
            0.48
         ],
         "ENval": [
            0.73,
            0.89
         ],
         "EDval": [
            0.49,
            0.8
         ],
         "SSval": [
            0.71,
            1.00001
         ],
         "DQval": [
            0.62,
            0.69
         ],
         "EQval": [
            0.61,
            0.75
         ],
         "EMval": [
            1.0,
            1.05
         ]
      },
      "series": {
         "LSval": [
            0.71,
            0.7,
            0.68,
            0.66,
            0.63,
            0.61,
            0.58,
            0.56,
            0.53,
            0.5,
            0.53,
            0.54,
            0.56,
            0.62,
            0.62,
            0.64,
            0.64,
            0.59,
            0.63,
            0.64,
            0.64,
            0.62,
            0.64,
            0.62
         ],
         "LEval": [
            0.78,
            0.79,
            0.79,
            0.79,
            0.8,
            0.81,
            0.81,
            0.82,
            0.83,
            0.83,
            0.84,
            0.84,
            0.85,
            0.86,
            0.86,
            0.87,
            0.88,
            0.89,
            0.89,
            0.9,
            0.91,
            0.91,
            0.92,
            0.93
         ],
         "NUval": [
            0.8,
            0.81,
            0.83,
            0.86,
            0.87,
            0.88,
            0.89,
            0.9,
            0.91,
            0.91,
            0.91,
            0.92,
            0.93,
            0.94,
            0.96,
            0.99,
            1.01,
            1.02,
            1.04,
            1.06,
            1.07,
            1.07,
            1.08,
            1.09
         ],
         "SAval": [
            0.46,
            0.47,
            0.48,
            0.48,
            0.49,
            0.5,
            0.51,
            0.52,
            0.53,
            0.53,
            0.54,
            0.55,
            0.56,
            0.57,
            0.58,
            0.58,
            0.59,
            0.6,
            0.61,
            0.62,
            0.62,
            0.63,
            0.64,
            0.64
         ],
         "INval": [
            0.18,
            0.18,
            0.19,
            0.2,
            0.2,
            0.21,
            0.21,
            0.21,
            0.22,
            0.24,
            0.25,
            0.26,
            0.28,
            0.3,
            0.32,
            0.34,
            0.35,
            0.36,
            0.39,
            0.41,
            0.42,
            0.45,
            0.47,
            0.48
         ],
         "ENval": [
            0.74,
            0.73,
            0.73,
            0.74,
            0.75,
            0.76,
            0.76,
            0.78,
            0.78,
            0.78,
            0.8,
            0.8,
            0.81,
            0.81,
            0.82,
            0.84,
            0.83,
            0.84,
            0.85,
            0.83,
            0.87,
            0.87,
            0.88,
            0.89
         ],