{
   "country": "Global South w/o China",
   "iso3c": "STH",
   "biophysical": {
      "min": 0.48,
      "max": 2.4,
      "range": {
         "CO2footCum": [
            0.48,
            0.84
         ],
         "PfootPerCap": [
            1.24,
            2.4
         ],
         "NfootPerCap": [
            1.5,
            2.16
         ],
         "H2OfootPerCap": [
            1.00001,
            1.00001
         ],
         "ehanppPerCap": [
            0.72,
            0.81
         ],
         "EFfootPerCap": [
            0.84,
            1.1
         ],
         "MFfootPerCap": [
            0.54,
            0.94
         ]
      },
      "series": {
         "CO2footCum": [
            0.48,
            0.49,
            0.5,
            0.51,
            0.52,
            0.53,
            0.54,
            0.55,
            0.56,
            0.57,
            0.58,
            0.6,
            0.61,
            0.62,
            0.64,
            0.66,
            0.68,
            0.7,
            0.72,
            0.74,
            0.77,
            0.79,
            0.81,
            0.84
         ],
         "PfootPerCap": [
            1.64,
            1.48,
            1.31,
            1.24,
            1.35,
            1.46,
            1.46,
            1.52,
            1.5,
            1.52,
            1.5,
            1.7,
            1.79,
            1.76,
            1.85,
            1.99,
            1.74,
            1.88,
            2.21,
            2.21,
            2.26,
            2.3,
            2.35,
            2.4
         ],
         "NfootPerCap": [
            1.55,
            1.53,
            1.5,
            1.51,
            1.54,
            1.57,
            1.58,
            1.59,
            1.59,
            1.62,
            1.62,
            1.64,
            1.69,
            1.72,
            1.79,
            1.87,
            1.88,
            1.97,
            2.01,
            2.04,
            2.07,
            2.1,
            2.13,
            2.16
         ],
         "H2OfootPerCap": [
            1.00001,
            1.00001,
            1.00001,
            1.00001,
            1.00001,
            1.00001,
            1.00001,
            1.00001,
            1.00001,
            1.00001,
            1.00001,
            1.00001,
            1.00001,
            1.00001,
            1.00001,
            1.00001,
            1.00001,
            1.00001,
            1.00001,
            1.00001,
            1.00001,
            1.00001,
            1.00001,
            1.00001
         ],
         "ehanppPerCap": [
            0.76,
            0.75,
            0.75,
            0.75,
            0.74,
            0.74,
            0.73,
            0.72,
            0.74,
            0.73,
            0.74,
            0.74,
            0.75,
            0.76,
            0.77,
            0.77,
            0.78,
            0.78,
            0.8,
            0.81,
            0.8,
            0.8,
            0.8,
            0.8
         ],
         "EFfootPerCap": [
            0.87,
            0.86,
            0.84,
            0.86,
            0.86,
            0.87,
            0.85,
            0.86,
            0.86,
            0.88,
            0.89,
            0.91,
            0.92,
            0.94,
            0.97,
            1.01,
            1.02,
            1.0,
            1.05,
            1.07,
            1.07,
            1.06,
            1.08,
            1.1
         ],
         "MFfootPerCap": [
            0.54,
            0.54,
            0.54,
            0.55,
            0.56,
            0.57,
            0.55,
            0.55,
            0.56,
            0.57,
            0.58,
            0.61,
            0.64,
            0.68,
            0.71,
            0.77,
            0.79,
            0.8,
            0.84,
            0.89,
            0.88,
            0.91,
            0.92,
            0.94
         ]
      }
   },
   "social": {
      "min": 0.24,
      "max": 1.03,
      "range": {
         "LSval": [
            0.48,
            0.72
         ],
         "LEval": [
            0.74,
            0.89
         ],
         "NUval": [
            0.79,
            1.0
         ],
         "SAval": [
            0.44,
            0.6
         ],
         "INval": [
            0.24,
            0.39
         ],
         "ENval": [
            0.63,
            0.85
         ],
         "EDval": [
            0.52,
            0.76
         ],
         "SSval": [
            0.67,
            1.00001
         ],
         "DQval": [
            0.66,
            0.71
         ],
         "EQval": [
            0.61,
            0.7
         ],
         "EMval": [
            0.99,
            1.03
         ]
      },
      "series": {
         "LSval": [
            0.72,
            0.71,
            0.7,
            0.69,
            0.65,
            0.61,
            0.58,
            0.55,
            0.52,
            0.48,
            0.52,
            0.56,
            0.6,
            0.66,
            0.66,
            0.67,
            0.66,
            0.63,
            0.67,
            0.65,
            0.65,
            0.61,
            0.63,
            0.59
         ],
         "LEval": [
            0.74,
            0.74,
            0.75,
            0.75,
            0.76,
            0.77,
            0.77,
            0.78,
            0.78,
            0.79,
            0.8,
            0.8,
            0.81,
            0.82,
            0.82,
            0.83,
            0.84,
            0.85,
            0.86,
            0.87,
            0.87,
            0.88,
            0.89,
            0.89
         ],
         "NUval": [
            0.8,
            0.79,
            0.8,
            0.81,
            0.82,
            0.83,
            0.83,
            0.85,
            0.85,
            0.85,
            0.84,
            0.86,
            0.87,
            0.88,
            0.9,
            0.93,
            0.95,
            0.95,
            0.97,
            0.98,
            0.99,
            1.0,
            1.0,
            1.0
         ],
         "SAval": [
            0.44,
            0.45,
            0.46,
            0.46,
            0.47,
            0.48,
            0.48,
            0.49,
            0.5,
            0.5,
            0.51,
            0.52,
            0.53,
            0.53,
            0.54,
            0.55,
            0.55,
            0.56,
            0.57,
            0.58,
            0.58,
            0.59,
            0.6,
            0.6
         ],
         "INval": [
            0.25,
            0.24,
            0.25,
            0.25,
            0.25,
            0.25,
            0.25,
            0.25,
            0.25,
            0.26,
            0.27,
            0.28,
            0.29,
            0.3,
            0.31,
            0.32,
            0.33,
            0.34,
            0.35,
            0.37,
            0.37,
            0.38,
            0.39,
            0.39
         ],
         "ENval": [
            0.64,
            0.63,
            0.63,
            0.64,
            0.66,
            0.67,
            0.68,
            0.69,
            0.69,
            0.69,
            0.72,
            0.73,
            0.73,
            0.74,
            0.75,
            0.77,
            0.77,
            0.78,
            0.79,
            0.77,
            0.81,
            0.82,
            0.82,
            0.85
         ],